Model   , TOPSIS Score
XLNet   , 0.5487552316154801
RoBERTa , 0.5466511658288093
ALBERT  , 0.5465961148344369
BERT    , 0.5451612698687022
DistilBERT , 0.5418440869126078
