Model  , TOPSIS Score
ModelB , 0.5366668503446859
ModelA , 0.5352921577766119
ModelC , 0.5351295361052615
ModelD , 0.5335683607884134
