Model  , TOPSIS Score
ModelE , 0.5998243943833924
ModelA , 0.5927533978577035
ModelC , 0.5899653953636376
ModelB , 0.5770476880845327
ModelD , 0.5758240515899494
