Model  , TOPSIS Score
Model1 , 0.5166097816339387
Model3 , 0.5163007655399622
Model4 , 0.5162806733353517
Model2 , 0.5162408291359096
